s_no,iso_code,continent,location,last_updated_date,total_cases,new_cases,new_cases_smoothed,total_deaths,new_deaths,new_deaths_smoothed,total_cases_per_million,new_cases_per_million,new_cases_smoothed_per_million,total_deaths_per_million,new_deaths_per_million,new_deaths_smoothed_per_million,reproduction_rate,icu_patients,icu_patients_per_million,hosp_patients,hosp_patients_per_million,weekly_icu_admissions,weekly_icu_admissions_per_million,weekly_hosp_admissions,weekly_hosp_admissions_per_million,total_tests,new_tests,total_tests_per_thousand,new_tests_per_thousand,new_tests_smoothed,new_tests_smoothed_per_thousand,positive_rate,tests_per_case,tests_units,total_vaccinations,people_vaccinated,people_fully_vaccinated,total_boosters,new_vaccinations,new_vaccinations_smoothed,total_vaccinations_per_hundred,people_vaccinated_per_hundred,people_fully_vaccinated_per_hundred,total_boosters_per_hundred,new_vaccinations_smoothed_per_million,new_people_vaccinated_smoothed,new_people_vaccinated_smoothed_per_hundred,stringency_index,population_density,median_age,aged_65_older,aged_70_older,gdp_per_capita,extreme_poverty,cardiovasc_death_rate,diabetes_prevalence,female_smokers,male_smokers,handwashing_facilities,hospital_beds_per_thousand,life_expectancy,human_development_index,population,excess_mortality_cumulative_absolute,excess_mortality_cumulative,excess_mortality,excess_mortality_cumulative_per_million
0,AFG,Asia,Afghanistan,21/04/2024,233472,0,0,7985,0,0,5676.61,0,0,194.146,0,0,,,,,,,,,,,,,,,,,,,,,,,,,,,,,,,,,54.422,18.6,2.581,1.337,1803.987,,597.029,9.59,,,37.746,0.5,64.83,0.511,41128772,,,,
1,OWID_AFR,,Africa,21/04/2024,13140629,87,12.429,259098,0,0,9210.27,0.061,0.009,181.602,0,0,,,,,,,,,,,,,,,,,,,,,,,,,,,,,,,,,,,,,,,,,,,,,,,1426736614,,,,
2,ALB,Europe,Albania,21/04/2024,334863,0,0,3605,0,0,117813.348,0,0,1268.331,0,0,,,,,,,,,,,,,,,,,,,,,,,,,,,,,,,,,104.871,38,13.188,8.643,11803.431,1.1,304.195,10.08,7.1,51.2,,2.89,78.57,0.795,2842318,,,,
3,DZA,Africa,Algeria,21/04/2024,272023,2,0.286,6881,0,0,6057.983,0.045,0.006,153.241,0,0,,,,,,,,,,,,,,,,,,,,,,,,,,,,,,,,,17.348,29.1,6.211,3.857,13913.839,0.5,278.364,6.73,0.7,30.4,83.741,1.9,76.88,0.748,44903228,,,,
4,ASM,Oceania,American Samoa,21/04/2024,8359,0,0,34,0,0,188712.044,0,0,767.581,0,0,,,,,,,,,,,,,,,,,,,,,,,,,,,,,,,,,278.205,,,,,,283.75,,,,,,73.74,,44295,,,,
5,AND,Europe,Andorra,21/04/2024,48015,0,0,159,0,0,601367.684,0,0,1991.408,0,0,,,,,,,,,,,,,,,,,,,,,,,,,,,,,,,,,163.755,,,,,,109.135,7.97,29,37.8,,,83.73,0.868,79843,,,,
6,AGO,Africa,Angola,21/04/2024,107371,6,0.857,1937,0,0,3016.972,0.169,0.024,54.427,0,0,,,,,,,,,,,,,,,,,,,,,,,,,,,,,,,,,23.89,16.8,2.405,1.362,5819.495,,276.045,3.94,,,26.664,,61.15,0.581,35588996,,,,
7,AIA,North America,Anguilla,21/04/2024,3904,0,0,12,0,0,245890.282,0,0,755.81,0,0,,,,,,,,,,,,,,,,,,,,,,,,,,,,,,,,,,,,,,,,,,,,,81.88,,15877,,,,
8,ATG,North America,Antigua and Barbuda,21/04/2024,9106,0,0,146,0,0,97107.879,0,0,1556.968,0,0,,,,,,,,,,,,,,,,,,,,,,,,,,,,,,,,,231.845,32.1,6.933,4.631,21490.943,,191.511,13.17,,,,3.8,77.02,0.778,93772,,,,
9,ARG,South America,Argentina,21/04/2024,10131173,140,20,130853,0,0,222612.632,3.076,0.439,2875.238,0,0,,,,,,,,,,,,,,,,,,,,,,,,,,,,,,,,,16.177,31.9,11.198,7.441,18933.907,0.6,191.032,5.5,16.2,27.7,,5,76.67,0.845,45510324,,,,
10,ARM,Asia,Armenia,21/04/2024,451831,0,0,8777,0,0,162501.547,0,0,3156.658,0,0,,,,,,,,,,,,,,,,,,,,,,,,,,,,,,,,,102.931,35.7,11.232,7.571,8787.58,1.8,341.01,7.11,1.5,52.1,94.043,4.2,75.09,0.776,2780472,,,,
11,ABW,North America,Aruba,21/04/2024,44224,0,0,292,0,0,415408.749,0,0,2742.84,0,0,,,,,,,,,,,,,,,,,,,,,,,,,,,,,,,,,584.8,41.2,13.085,7.452,35973.781,,,11.62,,,,,76.29,,106459,,,,
12,OWID_ASI,,Asia,07/05/2024,301403368,3252,464.571,1636895,28,4,63837.936,0.689,0.098,346.698,0.006,0.001,,,,,,,,,,,,,,,,,,,9102111272,3689175055,3461831010,1814837873,21,214,192.78,78.14,73.32,38.44,0,10,0,,,,,,,,,,,,,,,,4721383370,,,,
13,AUS,Oceania,Australia,21/04/2024,11836372,4399,628.429,25165,17,2.429,452159.782,168.046,24.007,961.325,0.649,0.093,,,,,,,,,,,,,,,,,,,,,,,,,,,,,,,,,3.202,37.9,15.504,10.129,44648.71,0.5,107.791,5.07,13,16.5,,3.84,83.44,0.944,26177410,,,,
14,AUT,Europe,Austria,21/04/2024,6082343,1,0.143,22534,0,0,680380.714,0.112,0.016,2520.69,0,0,,,,,,,,,,,,,,,,,,,,,,,,,,,,,,,,,106.749,44.4,19.202,13.748,45436.686,0.7,145.183,6.35,28.4,30.9,,7.37,81.54,0.922,8939617,,,,
15,AZE,Asia,Azerbaijan,21/04/2024,835327,0,0,10353,0,0,80644.981,0,0,999.51,0,0,,,,,,,,,,,,,,,,,,,,,,,,,,,,,,,,,119.309,32.4,6.018,3.871,15847.419,,559.812,7.11,0.3,42.5,83.241,4.7,73,0.756,10358078,,,,
16,BHS,North America,Bahamas,21/04/2024,38084,0,0,844,0,0,92890.297,0,0,2058.592,0,0,,,,,,,,,,,,,,,,,,,,,,,,,,,,,,,,,39.497,34.3,8.996,5.2,27717.847,,235.954,13.17,3.1,20.4,,2.9,73.92,0.814,409989,,,,
17,BHR,Asia,Bahrain,21/04/2024,696614,0,0,1536,0,0,473167.024,0,0,1043.31,0,0,,,,,,,,,,,,,,,,,,,,,,,,,,,,,,,,,1935.907,32.4,2.372,1.387,43290.705,,151.689,16.52,5.8,37.6,,2,77.29,0.852,1472237,,,,
18,BGD,Asia,Bangladesh,05/05/2024,2049850,122,17.429,29494,1,0.143,11974.376,0.713,0.102,172.292,0.006,0.001,,,,,,,,,,,,,,,,,,,361732137,151507142,142200862,68605675,52,11,211.31,88.5,83.07,40.08,0,1,0,,1265.036,27.5,5.098,3.262,3523.984,14.8,298.003,8.38,1,44.7,34.808,0.8,72.59,0.632,171186368,,,,
19,BRB,North America,Barbados,21/04/2024,110592,1,0.143,593,0,0,392663.13,3.551,0.507,2105.48,0,0,,,,,,,,,,,,,,,,,,,,,,,,,,,,,,,,,664.463,39.8,14.952,9.473,16978.068,,170.05,13.57,1.9,14.5,88.469,5.8,79.19,0.814,281646,,,,
20,BLR,Europe,Belarus,21/04/2024,994037,0,0,7118,0,0,104251.871,0,0,746.516,0,0,,,,,,,,,,,,,,,,,,,,,,,,,,,,,,,,,46.858,40.3,14.799,9.788,17167.967,,443.129,5.18,10.5,46.1,,11,74.79,0.823,9534956,,,,
21,BEL,Europe,Belgium,21/04/2024,4861393,121,17.286,34339,0,0,417074.907,10.381,1.483,2946.056,0,0,,,,,,,,,,,,,,,,,,,,,,,,,,,,,,,,,375.564,41.8,18.571,12.849,42658.576,0.2,114.898,4.29,25.1,31.4,,5.64,81.63,0.931,11655923,,,,
22,BLZ,North America,Belize,21/04/2024,71409,0,0,688,0,0,176194.53,0,0,1697.571,0,0,,,,,,,,,,,,,,,,,,,,,,,,,,,,,,,,,16.426,25,3.853,2.279,7824.362,,176.957,17.11,,,90.083,1.3,74.62,0.716,405285,,,,
23,BEN,Africa,Benin,21/04/2024,28036,0,0,163,0,0,2099.624,0,0,12.207,0,0,,,,,,,,,,,,,,,,,,,,,,,,,,,,,,,,,99.11,18.8,3.244,1.942,2064.236,49.6,235.848,0.99,0.6,12.3,11.035,0.5,61.77,0.545,13352864,,,,
24,BMU,North America,Bermuda,21/04/2024,18860,0,0,165,0,0,293737.443,0,0,2569.813,0,0,,,,,,,,,,,,,,,,,,,,,,,,,,,,,,,,,1308.82,,,,50669.315,,139.547,13,,,,,82.59,,64207,,,,
25,BTN,Asia,Bhutan,21/04/2024,62697,0,0,21,0,0,80128.365,0,0,26.839,0,0,,,,,,,,,,,,,,,,,,,,,,,,,,,,,,,,,21.188,28.6,4.885,2.977,8708.597,1.5,217.066,9.75,,,79.807,1.7,71.78,0.654,782457,,,,
26,BOL,South America,Bolivia,21/04/2024,1212131,0,0,22387,0,0,99159.007,0,0,1831.38,0,0,,,,,,,,,,,,,,,,,,,,,,,,,,,,,,,,,10.202,25.4,6.704,4.393,6885.829,7.1,204.299,6.89,,,25.383,1.1,71.51,0.718,12224114,,,,
27,BES,North America,Bonaire Sint Eustatius and Saba,21/04/2024,11922,0,0,41,0,0,440706.787,0,0,1515.6,0,0,,,,,,,,,,,,,,,,,,,,,,,,,,,,,,,,,,,,,,,,,,,,,77.79,,27052,,,,
28,BIH,Europe,Bosnia and Herzegovina,21/04/2024,403637,4,0.571,16388,0,0,124828.593,1.237,0.177,5068.145,0,0,,,,,,,,,,,,,,,,,,,,,,,,,,,,,,,,,68.496,42.5,16.569,10.711,11713.895,0.2,329.635,10.08,30.2,47.7,97.164,3.5,77.4,0.78,3233530,,,,
29,BWA,Africa,Botswana,21/04/2024,330650,0,0,2801,0,0,125708.094,0,0,1064.898,0,0,,,,,,,,,,,,,,,,,,,,,,,,,,,,,,,,,4.044,25.8,3.941,2.242,15807.374,,237.372,4.81,5.7,34.4,,1.8,69.59,0.735,2630300,,,,
30,BRA,South America,Brazil,21/04/2024,37519960,0,0,702116,0,0,174257.347,0,0,3260.901,0,0,,,,,,,,,,,,,,,,,,,,,,,,,,,,,,,,,25.04,33.5,8.552,5.06,14103.452,3.4,177.961,8.11,10.1,17.9,,2.2,75.88,0.765,215313504,,,,
31,VGB,North America,British Virgin Islands,21/04/2024,7392,0,0,64,0,0,235924.933,0,0,2042.64,0,0,,,,,,,,,,,,,,,,,,,,,,,,,,,,,,,,,207.973,,,,,,,13.67,,,,,79.07,,31332,,,,
32,BRN,Asia,Brunei,21/04/2024,343851,25,3.571,178,0,0,765811.734,55.679,7.954,396.435,0,0,,,,,,,,,,,,,,,,,,,,,,,,,,,,,,,,,81.347,32.4,4.591,2.382,71809.251,,201.285,12.79,2,30.9,,2.7,75.86,0.838,449002,,,,
33,BGR,Europe,Bulgaria,07/05/2024,1329225,21,3,38700,0,0,195994.37,3.096,0.442,5706.319,0,0,,,,,,,,,,,,,,,,,,,4726470,,2078005,,4,1,69.69,,30.64,,0,,,,65.18,44.7,20.801,13.272,18563.307,1.5,424.688,5.81,30.1,44.4,,7.454,75.05,0.816,6781955,,,,
34,BFA,Africa,Burkina Faso,21/04/2024,22122,0,0,400,0,0,975.665,0,0,17.642,0,0,,,,,,,,,,,,,,,,,,,,,,,,,,,,,,,,,70.151,17.6,2.409,1.358,1703.102,43.7,269.048,2.42,1.6,23.9,11.877,0.4,61.58,0.452,22673764,,,,
35,BDI,Africa,Burundi,21/04/2024,54569,0,0,15,0,0,4233.574,0,0,1.164,0,0,,,,,,,,,,,,,,,,,,,,,,,,,,,,,,,,,423.062,17.5,2.562,1.504,702.225,71.7,293.068,6.05,,,6.144,0.8,61.58,0.433,12889583,,,,
36,KHM,Asia,Cambodia,21/04/2024,139103,0,0,3056,0,0,8295.816,0,0,182.254,0,0,,,,,,,,,,,,,,,,,,,,,,,,,,,,,,,,,90.672,25.6,4.412,2.385,3645.07,,270.892,4,2,33.7,66.229,0.8,69.82,0.594,16767851,,,,
37,CMR,Africa,Cameroon,21/04/2024,125156,0,0,1974,0,0,4483.541,0,0,70.716,0,0,,,,,,,,,,,,,,,,,,,,,,,,,,,,,,,,,50.885,18.8,3.165,1.919,3364.926,23.8,244.661,7.2,,,2.735,1.3,59.29,0.563,27914542,,,,
38,CAN,North America,Canada,01/05/2024,4789387,202,28.857,54282,1,0.143,124547.411,5.253,0.75,1411.597,0.026,0.004,,,,,,,,,,,,,,,,,,,102517452,,,34594067,2168,3546,266.6,,,89.96,92,,,,4.037,41.4,16.984,10.797,44017.591,0.5,105.599,7.37,12,16.6,,2.5,82.43,0.929,38454328,,,,
39,CPV,Africa,Cape Verde,21/04/2024,64474,0,0,417,0,0,108695.432,0,0,703.012,0,0,,,,,,,,,,,,,,,,,,,,,,,,,,,,,,,,,135.58,25.7,4.46,3.437,6222.554,,182.219,2.42,2.1,16.5,,2.1,72.98,0.665,593162,,,,
40,CYM,North America,Cayman Islands,21/04/2024,31472,0,0,37,0,0,457961.061,0,0,538.401,0,0,,,,,,,,,,,,,,,,,,,,,,,,,,,,,,,,,256.496,,,,49903.029,,,13.22,,,,,83.92,,68722,,,,
41,CAF,Africa,Central African Republic,21/04/2024,15440,0,0,113,0,0,2767.448,0,0,20.254,0,0,,,,,,,,,,,,,,,,,,,,,,,,,,,,,,,,,7.479,18.3,3.655,2.251,661.24,,435.727,6.1,,,16.603,1,53.28,0.397,5579148,,,,
42,TCD,Africa,Chad,21/04/2024,7702,0,0,194,0,0,434.569,0,0,10.946,0,0,,,,,,,,,,,,,,,,,,,,,,,,,,,,,,,,,11.833,16.7,2.486,1.446,1768.153,38.4,280.995,6.1,,,5.818,,54.24,0.398,17723312,,,,
43,CHL,South America,Chile,21/04/2024,5399561,353,50.429,62669,28,4,275435.305,18.007,2.572,3196.789,1.428,0.204,,,,,,,,,,,,,,,,,,,,,,,,,,,,,,,,,24.282,35.4,11.087,6.938,22767.037,1.3,127.993,8.46,34.2,41.5,,2.11,80.18,0.851,19603736,,,,
44,CHN,Asia,China,21/04/2024,99351758,1431,204.429,122170,17,2.429,69677.143,1.004,0.143,85.68,0.012,0.002,,,,,,,,,,,,,,,,,,,,,,,,,,,,,,,,,147.674,38.7,10.641,5.929,15308.712,0.7,261.899,9.74,1.9,48.4,,4.34,76.91,0.761,1425887360,,,,
45,COL,South America,Colombia,21/04/2024,6385025,151,21.571,142727,0,0,123087.126,2.911,0.416,2751.415,0,0,,,,,,,,,,,,,,,,,,,,,,,,,,,,,,,,,44.223,32.2,7.646,4.312,13254.949,4.5,124.24,7.44,4.7,13.5,65.386,1.71,77.29,0.767,51874028,,,,
46,COM,Africa,Comoros,21/04/2024,9109,0,0,160,0,0,10885.737,0,0,191.208,0,0,,,,,,,,,,,,,,,,,,,,,,,,,,,,,,,,,437.352,20.4,2.963,1.726,1413.89,18.1,261.516,11.88,4.4,23.6,15.574,2.2,64.32,0.554,836783,,,,
47,COG,Africa,Congo,21/04/2024,25218,0,0,389,0,0,4223.816,0,0,65.154,0,0,,,,,,,,,,,,,,,,,,,,,,,,,,,,,,,,,15.405,19,3.402,2.063,4881.406,37,344.094,7.2,1.7,52.3,47.964,,64.57,0.574,5970430,,,,
48,COK,Oceania,Cook Islands,21/04/2024,7324,0,0,2,0,0,430014.091,0,0,117.426,0,0,,,,,,,,,,,,,,,,,,,,,,,,,,,,,,,,,,,,,,,,,,,,,76.25,,17032,,,,
49,CRI,North America,Costa Rica,21/04/2024,1230653,0,0,9368,0,0,237539.463,0,0,1808.202,0,0,,,,,,,,,,,,,,,,,,,,,,,,,,,,,,,,,96.079,33.6,9.468,5.694,15524.995,1.3,137.973,8.78,6.4,17.4,83.841,1.13,80.28,0.81,5180836,,,,
50,CIV,Africa,Cote d'Ivoire,21/04/2024,88421,5,0.714,835,0,0,3139.889,0.178,0.025,29.651,0,0,,,,,,,,,,,,,,,,,,,,,,,,,,,,,,,,,76.399,18.7,2.933,1.582,3601.006,28.2,303.74,2.42,,,19.351,,57.78,0.538,28160548,,,,
51,HRV,Europe,Croatia,21/04/2024,1316878,34,4.857,18752,0,0,326739.466,8.436,1.205,4652.685,0,0,,,,,,,,,,,,,,,,,,,,,,,,,,,,,,,,,73.726,44,19.724,13.053,22669.797,0.7,253.782,5.59,34.3,39.9,,5.54,78.49,0.851,4030361,,,,
52,CUB,North America,Cuba,21/04/2024,1113662,0,0,8530,0,0,99325.931,0,0,760.779,0,0,,,,,,,,,,,,,,,,,,,45995747,10805570,10053658,8792717,,1734,410.23,96.37,89.67,78.42,155,254,0.002,,110.408,43.1,14.738,9.719,,,190.968,8.27,17.1,53.3,85.198,5.2,78.8,0.783,11212198,,,,
53,CUW,North America,Curacao,21/04/2024,45883,0,0,305,0,0,240007.742,0,0,1595.414,0,0,,,,,,,,,,,,,,,,,,,,,,,,,,,,,,,,,362.644,41.7,16.367,10.068,,,,11.62,,,,,78.88,,191173,,,,
54,CYP,Europe,Cyprus,21/04/2024,690791,0,0,1442,0,0,770966.075,0,0,1609.362,0,0,,,,,,,,,,,,,,,,,,,,,,,,,,,,,,,,,127.657,37.3,13.416,8.563,32415.132,,141.171,9.24,19.6,52.7,,3.4,80.98,0.887,896007,,,,
55,CZE,Europe,Czechia,07/05/2024,4759172,59,8.429,43503,0,0,453514.059,5.622,0.803,4145.516,0,0,,0,0,4,0.381,0,0,10,0.953,,,,,,,,,,19047721,6982172,6895964,5581637,4,9,181.51,66.53,65.71,53.19,1,0,0,,137.176,43.3,19.027,11.58,32605.906,,227.485,6.82,30.5,38.3,,6.63,79.38,0.9,10493990,,,,
56,COD,Africa,Democratic Republic of Congo,21/04/2024,99338,0,0,1468,0,0,1003.311,0,0,14.827,0,0,,,,,,,,,,,,,,,,,,,,,,,,,,,,,,,,,35.879,17,3.02,1.745,808.133,77.1,318.949,6.1,,,4.472,,60.68,0.48,99010216,,,,
57,DNK,Europe,Denmark,21/04/2024,3434977,38,5.429,9666,3,0.429,583955.416,6.46,0.923,1643.246,0.51,0.073,,,,,,,,,,,,,,,,,,,,,,,,,,,,,,,,,136.52,42.3,19.677,12.325,46682.515,0.2,114.767,6.41,19.3,18.8,,2.5,80.9,0.94,5882259,,,,
58,DJI,Africa,Djibouti,21/04/2024,15690,0,0,189,0,0,13998.292,0,0,168.622,0,0,,,,,,,,,,,,,,,,,,,,,,,,,,,,,,,,,41.285,25.4,4.213,2.38,2705.406,22.5,258.037,6.05,1.7,24.5,,1.4,67.11,0.524,1120851,,,,
59,DMA,North America,Dominica,21/04/2024,16047,0,0,74,0,0,220553.066,0,0,1017.07,0,0,,,,,,,,,,,,,,,,,,,,,,,,,,,,,,,,,98.567,,,,9673.367,,227.376,11.62,,,,3.8,75,0.742,72758,,,,
60,DOM,North America,Dominican Republic,21/04/2024,661181,0,0,4384,0,0,58882.495,0,0,390.424,0,0,,,,,,,,,,,,,,,,,,,,,,,,,,,,,,,,,222.873,27.6,6.981,4.419,14600.861,1.6,266.653,8.2,8.5,19.1,55.182,1.6,74.08,0.756,11228821,,,,
61,ECU,South America,Ecuador,21/04/2024,1076089,124,17.714,36048,0,0,59779.395,6.889,0.984,2002.555,0,0,,,,,,,,,,,,,,,,,,,,,,,,,,,,,,,,,66.939,28.1,7.104,4.458,10581.936,3.6,140.448,5.55,2,12.3,80.635,1.5,77.01,0.759,18001002,,,,
62,EGY,Africa,Egypt,21/04/2024,516023,0,0,24830,0,0,4649.271,0,0,223.714,0,0,,,,,,,,,,,,,,,,,,,,,,,,,,,,,,,,,97.999,25.3,5.159,2.891,10550.206,1.3,525.432,17.31,0.2,50.1,89.827,1.6,71.99,0.707,110990096,,,,
63,SLV,North America,El Salvador,21/04/2024,201865,1,0.143,4230,0,0,31858.03,0.158,0.023,667.572,0,0,,,,,,,,,,,,,,,,,,,,,,,,,,,,,,,,,307.811,27.6,8.273,5.417,7292.458,2.2,167.295,8.87,2.5,18.8,90.65,1.3,73.32,0.673,6336393,,,,
64,GNQ,Africa,Equatorial Guinea,21/04/2024,17130,0,0,183,0,0,10227.379,0,0,109.259,0,0,,,,,,,,,,,,,,,,,,,,,,,,,,,,,,,,,45.194,22.4,2.846,1.752,22604.873,,202.812,7.78,,,24.64,2.1,58.74,0.592,1674916,,,,
65,ERI,Africa,Eritrea,21/04/2024,10189,0,0,103,0,0,2765.713,0,0,27.958,0,0,,,,,,,,,,,,,,,,,,,,,,,,,,,,,,,,,44.304,19.3,3.607,2.171,1510.459,,311.11,6.05,0.2,11.4,,0.7,66.32,0.459,3684041,,,,
66,EST,Europe,Estonia,06/05/2024,610335,7,1,2998,0,0,460260.591,5.279,0.754,2260.826,0,0,,,,,,,,,,,,,,,,,,,2171084,870175,862706,658952,2,3,163.72,65.62,65.06,49.69,2,0,0,,31.033,42.7,19.452,13.491,29481.252,0.5,255.569,4.02,24.5,39.3,,4.69,78.74,0.892,1326064,,,,
67,SWZ,Africa,Eswatini,21/04/2024,75191,0,0,1427,0,0,62571.566,0,0,1187.504,0,0,,,,,,,,,,,,,,,,,,,,,,,,,,,,,,,,,79.492,21.5,3.163,1.845,7738.975,,333.436,3.94,1.7,16.5,24.097,2.1,60.19,0.611,1201680,,,,
68,ETH,Africa,Ethiopia,21/04/2024,501165,2,0.286,7574,0,0,4061.965,0.016,0.002,61.388,0,0,,,,,,,,,,,,,,,,,,,,,,,,,,,,,,,,,104.957,19.8,3.526,2.063,1729.927,26.7,182.634,7.47,0.4,8.5,7.96,0.3,66.6,0.485,123379928,,,,
69,OWID_EUR,,Europe,07/05/2024,252520795,20536,2933.714,2100197,74,10.571,339041.554,27.572,3.939,2819.784,0.099,0.014,,,,,,,,,,,,,,,,,,,1395262306,523273016,493163630,362542649,10,49,187.33,70.26,66.21,48.68,0,5,0,,,,,,,,,,,,,,,,744807803,,,,
70,OWID_EUN,,European Union,07/05/2024,185629180,2481,354.429,1261184,19,2.714,412374.769,5.512,0.787,2801.717,0.042,0.006,,,,,,,,,,,,,,,,,,,951109949,338071402,327967359,282436527,10,49,211.29,75.1,72.86,62.74,0,5,0,,,,,,,,,,,,,,,,450146793,,,,
71,FRO,Europe,Faeroe Islands,21/04/2024,34658,0,0,28,0,0,652484.139,0,0,527.138,0,0,,,,,,,,,,,,,,,,,,,,,,,,,,,,,,,,,35.308,,,,,,,,,,,,80.67,,53117,,,,
72,FLK,South America,Falkland Islands,21/04/2024,1923,0,0,,0,0,505919.495,0,0,,0,0,,,,,,,,,,,,,,,,,,,,,,,,,,,,,,,,,,,,,,,,,,,,,81.44,,3801,,,,
73,FJI,Oceania,Fiji,21/04/2024,69047,0,0,885,0,0,74262.532,0,0,951.849,0,0,,,,,,,,,,,,,,,,,,,,,,,,,,,,,,,,,49.562,28.6,6.224,3.284,8702.975,1.4,412.82,14.49,10.2,34.8,,2.3,67.44,0.743,929769,,,,
74,FIN,Europe,Finland,21/04/2024,1499712,0,0,11466,0,0,270669.738,0,0,2069.397,0,0,,,,,,,,,,,,,,,,,,,,,,,,,,,,,,,,,18.136,42.8,21.228,13.264,40585.721,,153.507,5.76,18.3,22.6,,3.28,81.91,0.938,5540745,,,,
75,FRA,Europe,France,21/04/2024,38997490,,,168091,,,603427.621,,,2600.956,,,,,,,,,,,,,,,,,,,,,,,,,,,,,,,,,,,122.578,42,19.718,13.079,38605.671,,86.06,4.77,30.1,35.6,,5.98,82.66,0.901,67813000,,,,
76,GUF,South America,French Guiana,21/04/2024,98041,0,0,413,0,0,321901.841,0,0,1356.019,0,0,,,,,,,,,,,,,,,,,,,,,,,,,,,,,,,,,,25.3,,2.897,,,,,,,,,79.95,,304568,,,,
77,PYF,Oceania,French Polynesia,21/04/2024,79302,1,0.143,650,0,0,258909.798,3.265,0.466,2122.158,0,0,,,,,,,,,,,,,,,,,,,,,,,,,,,,,,,,,77.324,32.7,7.775,4.593,,,,22.63,,,,,77.66,,306292,,,,
78,GAB,Africa,Gabon,21/04/2024,49051,0,0,307,0,0,20532.048,0,0,128.506,0,0,,,,,,,,,,,,,,,,,,,,,,,,,,,,,,,,,7.859,23.1,4.45,2.976,16562.413,3.4,259.967,7.2,,,,6.3,66.47,0.703,2388997,,,,
79,GMB,Africa,Gambia,21/04/2024,12626,0,0,372,0,0,4665.936,0,0,137.473,0,0,,,,,,,,,,,,,,,,,,,,,,,,,,,,,,,,,207.566,17.5,2.339,1.417,1561.767,10.1,331.43,1.91,0.7,31.2,7.876,1.1,62.05,0.496,2705995,,,,
80,GEO,Asia,Georgia,21/04/2024,1862754,0,0,17150,0,0,497479.292,0,0,4580.191,0,0,,,,,,,,,,,,,,,,,,,,,,,,,,,,,,,,,65.032,38.7,14.864,10.244,9745.079,4.2,496.218,7.11,5.3,55.5,,2.6,73.77,0.812,3744385,,,,
81,DEU,Europe,Germany,21/04/2024,38437756,,,174979,,,461051.095,,,2098.829,,,,,,,,,,,,,,,,,,,,,,,,,,,,,,,,,,,237.016,46.6,21.453,15.957,45229.245,,156.139,8.31,28.2,33.1,,8,81.33,0.947,83369840,,,,
82,GHA,Africa,Ghana,21/04/2024,171966,34,4.857,1462,0,0,5137.014,1.016,0.145,43.673,0,0,,,,,,,,,,,,,,,,,,,,,,,,,,,,,,,,,126.719,21.1,3.385,1.948,4227.63,12,298.245,4.97,0.3,7.7,41.047,0.9,64.07,0.611,33475870,,,,
83,GIB,Europe,Gibraltar,21/04/2024,20550,0,0,113,0,0,628882.7,0,0,3458.09,0,0,,,,,,,,,,,,,,,,,,,,,,,,,,,,,,,,,3457.1,,,,,,,,,,,,79.93,,32677,,,,
84,GRC,Europe,Greece,02/05/2024,5632043,1325,189.286,39003,6,0.857,542326.258,127.588,18.227,3755.715,0.578,0.083,,,,,,,,,,,,,,,,,,,22467109,7937924,7647061,7461201,9,27,216.34,76.44,73.64,71.85,3,3,0,,83.479,45.3,20.396,14.524,24574.382,1.5,175.695,4.55,35.3,52,,4.21,82.24,0.888,10384972,,,,
85,GRL,North America,Greenland,21/04/2024,11971,0,0,21,0,0,211898.609,0,0,371.721,0,0,,,,,,,,,,,,,,,,,,,,,,,,,,,,,,,,,0.137,,,,,,199.941,2.16,,,,,71.7,,56494,,,,
86,GRD,North America,Grenada,21/04/2024,19693,0,0,238,0,0,156967.615,0,0,1897.034,0,0,,,,,,,,,,,,,,,,,,,,,,,,,,,,,,,,,317.132,29.4,7.304,5.021,13593.877,,243.964,10.71,,,,3.7,72.4,0.779,125459,,,,
87,GLP,North America,Guadeloupe,21/04/2024,203235,0,0,1021,0,0,513528.333,0,0,2579.833,0,0,,,,,,,,,,,,,,,,,,,,,,,,,,,,,,,,,,43.4,,,,,,,,,,,82.14,,395762,,,,
88,GUM,Oceania,Guam,21/04/2024,52287,0,0,419,0,0,304378.198,0,0,2439.124,0,0,,,,,,,,,,,,,,,,,,,,,,,,,,,,,,,,,304.128,31.4,9.551,5.493,,,310.496,21.52,,,,,80.07,,171783,,,,
89,GTM,North America,Guatemala,21/04/2024,1250354,3,0.429,20214,0,0,70071.734,0.168,0.024,1132.823,0,0,,,,,,,,,,,,,,,,,,,,,,,,,,,,,,,,,157.834,22.9,4.694,3.016,7423.808,8.7,155.898,10.18,,,76.665,0.6,74.3,0.663,17843914,,,,
90,GGY,Europe,Guernsey,21/04/2024,35326,0,0,67,0,0,557817.114,0,0,1057.967,0,0,,,,,,,,,,,,,,,,,,,,,,,,,,,,,,,,,,,,,,,,,,,,,,,63329,,,,
91,GIN,Africa,Guinea,21/04/2024,38572,0,0,468,0,0,2783.103,0,0,33.768,0,0,,,,,,,,,,,,,,,,,,,,,,,,,,,,,,,,,51.755,19,3.135,1.733,1998.926,35.3,336.717,2.42,,,17.45,0.3,61.6,0.477,13859349,,,,
92,GNB,Africa,Guinea-Bissau,21/04/2024,9614,0,0,177,0,0,4565.963,0,0,84.062,0,0,,,,,,,,,,,,,,,,,,,,,,,,,,,,,,,,,66.191,19.4,3.002,1.565,1548.675,67.1,382.474,2.42,,,6.403,,58.32,0.48,2105580,,,,
93,GUY,South America,Guyana,21/04/2024,74109,0,0,1301,0,0,91636.609,0,0,1608.701,0,0,,,,,,,,,,,,,,,,,,,,,,,,,,,,,,,,,3.952,26.3,5.305,2.837,7435.047,,373.159,11.62,,,77.159,1.6,69.91,0.682,808727,,,,
94,HTI,North America,Haiti,21/04/2024,34298,0,0,860,0,0,2960.552,0,0,74.234,0,0,,,,,,,,,,,,,,,,,,,,,,,,,,,,,,,,,398.448,24.3,4.8,2.954,1653.173,23.5,430.548,6.65,2.9,23.1,22.863,0.7,64,0.51,11585003,,,,
95,OWID_HIC,,High income,07/05/2024,428585687,8995,1285,2985572,415,59.286,342727.456,7.193,1.028,2387.475,0.332,0.047,,,,,,,,,,,,,,,,,,,2839861168,998721575,929255470,838632098,5433,6707,227.1,79.86,74.31,67.06,5,5,0,,,,,,,,,,,,,,,,1250514600,,,,
96,HND,North America,Honduras,21/04/2024,472786,0,0,11114,0,0,45317.017,0,0,1065.288,0,0,,,,,,,,,,,,,,,,,,,,,,,,,,,,,,,,,82.805,24.9,4.652,2.883,4541.795,16,240.208,7.21,2,,84.169,0.7,75.27,0.634,10432858,,,,
97,HKG,Asia,Hong Kong,17/04/2024,,,,,,,,,,,,,,,,,,,,,,,,,,,,,,,21000003,6919512,6802912,7277579,326,216,280.42,92.4,90.84,97.18,29,6,0,,7039.714,44.8,16.303,10.158,56054.92,,,8.33,,,,,84.86,0.949,7488863,,,,
98,HUN,Europe,Hungary,21/04/2024,2230351,26,3.714,49051,0,0,223766.728,2.609,0.373,4921.19,0,0,,,,,,,,,,,,,,,,,,,,,,,,,,,,,,,,,108.043,43.4,18.577,11.976,26777.561,0.5,278.296,7.55,26.8,34.8,,7.02,76.88,0.854,9967304,,,,
99,ISL,Europe,Iceland,21/04/2024,209928,8,1.143,186,0,0,562956.05,21.453,3.065,498.789,0,0,,,,,,,,,,,,,,,,,,,,,,,,,,,,,,,,,3.404,37.3,14.431,9.207,46482.958,0.2,117.992,5.31,14.3,15.2,,2.91,82.99,0.949,372903,,,,
100,IND,Asia,India,07/05/2024,45036197,624,89.143,533581,7,1,31778.896,0.44,0.063,376.511,0.005,0.001,,,,,,,,,,,,,,,,,,,2206866667,1027438554,951990243,227437870,10,16,155.72,72.5,67.18,16.05,0,4,0,,450.419,28.2,5.989,3.414,6426.674,21.2,282.28,10.39,1.9,20.6,59.55,0.53,69.66,0.645,1417173120,,,,
101,IDN,Asia,Indonesia,21/04/2024,6828969,6,0.857,162058,0,0,24787.425,0.022,0.003,588.229,0,0,,,,,,,,,,,,,,,,,,,,,,,,,,,,,,,,,145.725,29.3,5.319,3.053,11188.744,5.7,342.864,6.32,2.8,76.1,64.204,1.04,71.72,0.718,275501344,,,,
102,IRN,Asia,Iran,21/04/2024,7627186,0,0,146811,0,0,86133.677,0,0,1657.934,0,0,,,,,,,,,,,,,,,,,,,,,,,,,,,,,,,,,49.831,32.4,5.44,3.182,19082.62,0.2,270.308,9.59,0.8,21.1,,1.5,76.68,0.783,88550568,,,,
103,IRQ,Asia,Iraq,21/04/2024,2465545,0,0,25375,0,0,55410.332,0,0,570.274,0,0,,,,,,,,,,,,,,,,,,,,,,,,,,,,,,,,,88.125,20,3.186,1.957,15663.986,2.5,218.612,8.83,,,94.576,1.4,70.6,0.674,44496124,,,,
104,IRL,Europe,Ireland,21/04/2024,1735643,163,23.286,9593,1,0.143,345531.691,32.45,4.636,1909.774,0.199,0.028,,,,,,,,,,,,,,,,,,,,,,,,,,,,,,,,,69.874,38.7,13.928,8.678,67335.293,0.2,126.459,3.28,23,25.7,,2.96,82.3,0.955,5023108,,,,
105,IMN,Europe,Isle of Man,21/04/2024,38008,0,0,116,0,0,449617.905,0,0,1372.229,0,0,,,,,,,,,,,,,,,,,,,,,,,,,,,,,,,,,147.872,,,,,,,,,,,,81.4,,84534,,,,
106,ISR,Asia,Israel,21/04/2024,4841558,0,0,12707,0,0,512388.401,0,0,1344.798,0,0,,,,,,,,,,,,,,,,,,,,,,,,,,,,,,,,,402.606,30.6,11.733,7.359,33132.32,0.5,93.32,6.74,15.4,35.4,,2.99,82.97,0.919,9449000,,,,
107,ITA,Europe,Italy,01/05/2024,26720158,125,17.857,196936,0,0,452596.581,2.117,0.302,3335.78,0,0,,18,0.305,560,9.486,2,0.034,,,,,,,,,,,,,,,,,,,,,,,,,,205.859,47.9,23.021,16.24,35220.084,2,113.151,4.78,19.8,27.8,,3.18,83.51,0.892,59037472,,,,
108,JAM,North America,Jamaica,21/04/2024,156812,1,0.143,3600,0,0,55461.908,0.354,0.051,1273.263,0,0,,,,,,,,,,,,,,,,,,,,,,,,,,,,,,,,,266.879,31.4,9.684,6.39,8193.571,,206.537,11.28,5.3,28.6,66.425,1.7,74.47,0.734,2827382,,,,
109,JPN,Asia,Japan,21/04/2024,33803572,0,0,74694,0,0,272715.688,0,0,602.606,0,0,,,,,,,,,,,,,,,,,,,,,,,,,,,,,,,,,347.778,48.2,27.049,18.493,39002.223,,79.37,5.72,11.2,33.7,,13.05,84.63,0.919,123951696,,,,
110,JEY,Europe,Jersey,21/04/2024,66391,0,0,161,0,0,599218.383,0,0,1453.121,0,0,,,,,,,,,,,,,,,,,,,,,,,,,,,,,,,,,,,,,,,,,,,,,,,110796,,,,
111,JOR,Asia,Jordan,21/04/2024,1746997,0,0,14122,0,0,154794.998,0,0,1251.299,0,0,,,,,,,,,,,,,,,,,,,,,,,,,,,,,,,,,109.285,23.2,3.81,2.361,8337.49,0.1,208.257,11.75,,,,1.4,74.53,0.729,11285875,,,,
112,KAZ,Asia,Kazakhstan,21/04/2024,1503687,0,0,19072,0,0,77517.639,0,0,983.194,0,0,,,,,,,,,,,,,,,,,,,,,,,,,,,,,,,,,6.681,30.6,6.991,4.625,24055.588,0.1,466.792,7.11,7,43.1,98.999,6.7,73.6,0.825,19397998,,,,
113,KEN,Africa,Kenya,21/04/2024,344101,0,0,5689,0,0,6368.999,0,0,105.298,0,0,,,,,,,,,,,,,,,,,,,,,,,,,,,,,,,,,87.324,20,2.686,1.528,2993.028,36.8,218.637,2.92,1.2,20.4,24.651,1.4,66.7,0.601,54027484,,,,
114,KIR,Oceania,Kiribati,21/04/2024,5085,0,0,24,0,0,38746.695,0,0,182.875,0,0,,,,,,,,,,,,,,,,,,,,,,,,,,,,,,,,,143.701,23.2,3.895,2.21,1981.132,,434.657,22.66,35.9,58.9,,1.9,68.37,0.63,131237,,,,
115,OWID_KOS,Europe,Kosovo,21/04/2024,274279,0,0,3212,0,0,153906.454,0,0,1802.353,0,0,,,,,,,,,,,,,,,,,,,,,,,,,,,,,,,,,168.155,,,,9795.834,0.6,,,,,,,,,1782115,,,,
116,KWT,Asia,Kuwait,21/04/2024,667193,0,0,2570,0,0,156292.063,0,0,602.031,0,0,,,,,,,,,,,,,,,,,,,,,,,,,,,,,,,,,232.128,33.7,2.345,1.114,65530.537,,132.235,15.84,2.7,37,,2,75.49,0.806,4268886,,,,
117,KGZ,Asia,Kyrgyzstan,21/04/2024,88953,0,0,1024,0,0,13415.486,0,0,154.435,0,0,,,,,,,,,,,,,,,,,,,,,,,,,,,,,,,,,32.333,26.3,4.489,2.882,3393.474,1.4,436.362,7.11,3.6,50.5,89.22,4.5,71.45,0.697,6630621,,,,
118,LAO,Asia,Laos,21/04/2024,219025,2,0.286,671,0,0,29089.006,0.266,0.038,89.116,0,0,,,,,,,,,,,,,,,,,,,,,,,,,,,,,,,,,29.715,24.4,4.029,2.322,6397.36,22.7,368.111,4,7.3,51.2,49.839,1.5,67.92,0.613,7529477,,,,
119,LVA,Europe,Latvia,21/04/2024,977701,0,0,7465,0,0,528300.266,0,0,4033.709,0,0,,,,,,,,,,,,,,,,,,,,,,,,,,,,,,,,,31.212,43.9,19.754,14.136,25063.846,0.7,350.06,4.91,25.6,51,,5.57,75.29,0.866,1850654,,,,
120,LBN,Asia,Lebanon,21/04/2024,1239904,0,0,10947,0,0,225858.255,0,0,1994.082,0,0,,,,,,,,,,,,,,,,,,,,,,,,,,,,,,,,,594.561,31.1,8.514,5.43,13367.565,,266.591,12.71,26.9,40.7,,2.9,78.93,0.744,5489744,,,,
121,LSO,Africa,Lesotho,21/04/2024,36138,0,0,709,0,0,15672.475,0,0,307.482,0,0,,,,,,,,,,,,,,,,,,,,,,,,,,,,,,,,,73.562,22.2,4.506,2.647,2851.153,59.6,405.126,3.94,0.4,53.9,2.117,,54.33,0.527,2305826,,,,
122,LBR,Africa,Liberia,21/04/2024,7930,0,0,294,0,0,1495.467,0,0,55.444,0,0,,,,,,,,,,,,,,,,,,,,,,,,,,,,,,,,,49.127,19.2,3.057,1.756,752.788,38.6,272.509,2.42,1.5,18.1,1.188,0.8,64.1,0.48,5302690,,,,
123,LBY,Africa,Libya,21/04/2024,507269,0,0,6437,0,0,74463.21,0,0,944.902,0,0,,,,,,,,,,,,,,,,,,,,,,,,,,,,,,,,,3.623,29,4.424,2.816,17881.509,,341.862,10.43,,,,3.7,72.91,0.724,6812344,,,,
124,LIE,Europe,Liechtenstein,21/04/2024,21575,0,0,89,0,0,548214.966,0,0,2261.466,0,0,,,,,,,,,,,,,,,,,,,,,,,,,,,,,,,,,237.012,,,,,,,7.77,,,,2.397,82.49,0.919,39355,,,,
125,LTU,Europe,Lithuania,07/05/2024,1366123,88,12.571,9803,1,0.143,496761.523,31.999,4.571,3564.652,0.364,0.052,,,,,,,,,,,,,,,,,,,4604744,1958274,1881102,948598,6,1,167.44,71.21,68.4,34.49,0,1,0,,45.135,43.5,19.002,13.778,29524.265,0.7,342.989,3.67,21.3,38,,6.56,75.93,0.882,2750058,,,,
126,OWID_LIC,,Low income,21/04/2024,2328735,25,3.571,48046,0,0,3157.158,0.034,0.005,65.138,0,0,,,,,,,,,,,,,,,,,,,,,,,,,,,,,,,,,,,,,,,,,,,,,,,737604900,,,,
127,OWID_LMC,,Lower middle income,07/05/2024,97538089,1011,144.429,1341273,8,1.143,28419.383,0.295,0.042,390.803,0.002,0,,,,,,,,,,,,,,,,,,,4948384783,2281338608,2052428396,679037099,20,186,144.18,66.47,59.8,19.78,0,8,0,,,,,,,,,,,,,,,,3432097300,,,,
128,LUX,Europe,Luxembourg,21/04/2024,391319,13,1.857,1000,0,0,604259.413,20.074,2.868,1544.161,0,0,,,,,,,,,,,,,,,,,,,,,,,,,,,,,,,,,231.447,39.7,14.312,9.842,94277.965,0.2,128.275,4.42,20.9,26,,4.51,82.25,0.916,647601,,,,
129,MDG,Africa,Madagascar,21/04/2024,68517,2,0.286,1427,0,0,2313.848,0.068,0.01,48.19,0,0,,,,,,,,,,,,,,,,,,,,,,,,,,,,,,,,,43.951,19.6,2.929,1.686,1416.44,77.6,405.994,3.94,,,50.54,0.2,67.04,0.528,29611718,,,,
130,MWI,Africa,Malawi,21/04/2024,89168,0,0,2686,0,0,4369.841,0,0,131.632,0,0,,,,,,,,,,,,,,,,,,,,,,,,,,,,,,,,,197.519,18.1,2.979,1.783,1095.042,71.4,227.349,3.94,4.4,24.7,8.704,1.3,64.26,0.483,20405318,,,,
131,MYS,Asia,Malaysia,07/05/2024,5279145,0,0,37349,0,0,155551.635,0,0,1100.5,0,0,,2,0.059,26,0.766,,,63,1.856,,,,,,,,,,72655307,28138167,27551023,17184367,30,23,214.08,82.91,81.18,50.63,1,1,0,,96.254,29.9,6.293,3.407,26808.164,0.1,260.942,16.74,1,42.4,,1.9,76.16,0.81,33938216,,,,
132,MDV,Asia,Maldives,21/04/2024,186694,0,0,316,0,0,356423.66,0,0,603.286,0,0,,,,,,,,,,,,,,,,,,,,,,,,,,,,,,,,,1454.433,30.6,4.12,2.875,15183.616,,164.905,9.19,2.1,55,95.803,,78.92,0.74,523798,,,,
133,MLI,Africa,Mali,21/04/2024,33164,0,0,743,0,0,1467.849,0,0,32.885,0,0,,,,,,,,,,,,,,,,,,,,,,,,,,,,,,,,,15.196,16.4,2.519,1.486,2014.306,,268.024,2.42,1.6,23,52.232,0.1,59.31,0.434,22593598,,,,
134,MLT,Europe,Malta,21/04/2024,121418,5,0.714,905,0,0,227675.968,9.376,1.339,1697.003,0,0,,,,,,,,,,,,,,,,,,,,,,,,,,,,,,,,,1454.037,42.4,19.426,11.324,36513.323,0.2,168.711,8.83,20.9,30.2,,4.485,82.53,0.895,533293,,,,
135,MHL,Oceania,Marshall Islands,21/04/2024,16178,0,0,17,0,0,388959.681,0,0,408.723,0,0,,,,,,,,,,,,,,,,,,,,,,,,,,,,,,,,,295.15,,,,3819.202,,557.793,30.53,,,82.502,2.7,73.7,0.704,41593,,,,
136,MTQ,North America,Martinique,21/04/2024,230354,0,0,1104,0,0,626793.139,0,0,3003.984,0,0,,,,,,,,,,,,,,,,,,,,,,,,,,,,,,,,,,45.7,,12.543,,,,,,,,,82.54,,367512,,,,
137,MRT,Africa,Mauritania,21/04/2024,63848,0,0,997,0,0,13481.003,0,0,210.509,0,0,,,,,,,,,,,,,,,,,,,,,,,,,,,,,,,,,4.289,20.3,3.138,1.792,3597.633,6,232.347,2.42,,,15.95,,64.92,0.546,4736146,,,,
138,MUS,Africa,Mauritius,21/04/2024,327305,0,0,1070,0,0,251874.214,0,0,823.408,0,0,,,,,,,,,,,,,,,,,,,,,,,,,,,,,,,,,622.962,37.4,10.945,5.884,20292.745,0.5,224.644,22.02,3.2,40.7,,3.4,74.99,0.804,1299478,,,,
139,MYT,Africa,Mayotte,21/04/2024,42027,0,0,187,0,0,128872.507,0,0,573.421,0,0,,,,,,,,,,,,,,,,,,,,,,,,,,,,,,,,,,20.1,,2.411,,,,,,,,,79.46,,326113,,,,
140,MEX,North America,Mexico,21/04/2024,7709747,0,0,335011,0,0,60466.65,0,0,2627.452,0,0,,,,,,,,,,,,,,,,,,,,,,,,,,,,,,,,,66.444,29.3,6.857,4.321,17336.469,2.5,152.783,13.06,6.9,21.4,87.847,1.38,75.05,0.779,127504120,,,,
141,FSM,Oceania,Micronesia (country),21/04/2024,26547,0,0,65,0,0,232505.386,0,0,569.287,0,0,,,,,,,,,,,,,,,,,,,,,,,,,,,,,,,,,150.777,23,4.81,2.392,3299.464,16,454.343,12.02,,,,,67.88,0.62,114178,,,,
142,MDA,Europe,Moldova,21/04/2024,635570,47,6.714,12233,0,0,194186.178,14.36,2.051,3737.558,0,0,,,,,,,,,,,,,,,,,,,,,,,,,,,,,,,,,123.655,37.6,10.864,6.955,5189.972,0.2,408.502,5.72,5.9,44.6,86.979,5.8,71.9,0.75,3272993,,,,
143,MCO,Europe,Monaco,21/04/2024,17181,0,0,67,0,0,470828.423,0,0,1836.069,0,0,,,,,,,,,,,,,,,,,,,,,,,,,,,,,,,,,19347.5,,,,,,,5.46,,,,13.8,86.75,,36491,,,,
144,MNG,Asia,Mongolia,21/04/2024,1011455,7,1,2136,0,0,297629.189,2.06,0.294,628.536,0,0,,,,,,,,,,,,,,,,,,,,,,,,,,,,,,,,,1.98,28.6,4.031,2.421,11840.846,0.5,460.043,4.82,5.5,46.5,71.18,7,69.87,0.737,3398373,,,,
145,MNE,Europe,Montenegro,21/04/2024,251280,0,0,2654,0,0,400713.144,0,0,4232.301,0,0,,,,,,,,,,,,,,,,,,,,,,,,,,,,,,,,,46.28,39.1,14.762,9.395,16409.288,1,387.305,10.08,44,47.9,,3.861,76.88,0.829,627082,,,,
146,MSR,North America,Montserrat,21/04/2024,1403,0,0,8,0,0,317924.315,0,0,1812.826,0,0,,,,,,,,,,,,,,,,,,,,,,,,,,,,,,,,,,,,,,,,,,,,,74.16,,4413,,,,
147,MAR,Africa,Morocco,21/04/2024,1279038,0,0,16304,0,0,34145.945,0,0,435.261,0,0,,,,,,,,,,,,,,,,,,,,,,,,,,,,,,,,,80.08,29.6,6.769,4.209,7485.013,1,419.146,7.14,0.8,47.1,,1.1,76.68,0.686,37457976,,,,
148,MOZ,Africa,Mozambique,21/04/2024,233783,3,0.429,2252,0,0,7090.883,0.091,0.013,68.306,0,0,,,,,,,,,,,,,,,,,,,,,,,,,,,,,,,,,37.728,17.7,3.158,1.87,1136.103,62.9,329.942,3.3,5.1,29.1,12.227,0.7,60.85,0.456,32969520,,,,
149,MMR,Asia,Myanmar,21/04/2024,642044,31,4.429,19494,0,0,11850.354,0.572,0.082,359.805,0,0,,,,,,,,,,,,,,,,,,,,,,,,,,,,,,,,,81.721,29.1,5.732,3.12,5591.597,6.4,202.104,4.61,6.3,35.2,79.287,0.9,67.13,0.583,54179312,,,,
150,NAM,Africa,Namibia,21/04/2024,172403,0,0,4108,0,0,67160.65,0,0,1600.297,0,0,,,,,,,,,,,,,,,,,,,,,,,,,,,,,,,,,3.078,22,3.552,2.085,9541.808,13.4,243.811,3.94,9.7,34.2,44.6,,63.71,0.646,2567024,,,,
151,NRU,Oceania,Nauru,21/04/2024,5393,0,0,1,0,0,424946.813,0,0,78.796,0,0,,,,,,,,,,,,,,,,,,,,,,,,,,,,,,,,,682.45,,,,12895.635,,,24.07,43,36.9,,5,59.96,,12691,,,,
152,NPL,Asia,Nepal,21/04/2024,1003450,0,0,12031,0,0,32848.749,0,0,393.845,0,0,,,,,,,,,,,,,,,,,,,,,,,,,,,,,,,,,204.43,25,5.809,3.212,2442.804,15,260.797,7.26,9.5,37.8,47.782,0.3,70.78,0.602,30547586,,,,
153,NLD,Europe,Netherlands,06/05/2024,8636082,54,7.714,22986,0,0,491691.651,3.074,0.439,1308.698,0,0,,2,0.114,52,2.961,1,0.057,108,6.149,,,,,,,,,,,,,,,,,,,,,,,,508.544,43.2,18.779,11.881,48472.545,,109.361,5.29,24.4,27.3,,3.32,82.28,0.944,17564020,,,,
154,NCL,Oceania,New Caledonia,21/04/2024,80064,0,0,314,0,0,276121.797,0,0,1082.912,0,0,,,,,,,,,,,,,,,,,,,,,,,,,,,,,,,,,15.342,33.4,9.954,6.489,,,,23.36,,,,,77.55,,289959,,,,
155,NZL,Oceania,New Zealand,03/05/2024,2582892,0,0,3944,0,0,498119.198,0,0,760.613,0,0,,,,,,,,,,,,,,,,,,,13145039,,,4657600,,3259,253.51,,,89.82,629,,,,18.206,37.9,15.322,9.72,36085.843,,128.797,8.08,14.8,17.2,,2.61,82.29,0.931,5185289,,,,
156,NIC,North America,Nicaragua,21/04/2024,16141,1,0.143,245,0,0,2322.983,0.144,0.021,35.26,0,0,,,,,,,,,,,,,,,,,,,,,,,,,,,,,,,,,51.667,27.3,5.445,3.519,5321.444,3.2,137.016,11.47,,,,0.9,74.48,0.66,6948395,,,,
157,NER,Africa,Niger,21/04/2024,9515,0,0,315,0,0,363.057,0,0,12.019,0,0,,,,,,,,,,,,,,,,,,,,,,,,,,,,,,,,,16.955,15.1,2.553,1.378,926,44.5,238.339,2.42,0.1,15.4,8.978,0.3,62.42,0.394,26207982,,,,
158,NGA,Africa,Nigeria,21/04/2024,267188,0,0,3155,0,0,1222.598,0,0,14.437,0,0,,,,,,,,,,,,,,,,,,,,,,,,,,,,,,,,,209.588,18.1,2.751,1.447,5338.454,,181.013,2.42,0.6,10.8,41.949,,54.69,0.539,218541216,,,,
159,NIU,Oceania,Niue,21/04/2024,1059,0,0,,0,0,542520.492,0,0,,0,0,,,,,,,,,,,,,,,,,,,,,,,,,,,,,,,,,,,,,,,,,,,,,73.71,,1952,,,,
160,OWID_NAM,,North America,01/05/2024,124543267,209,29.857,1663494,351,50.143,207460.202,0.348,0.05,2770.995,0.585,0.084,,,,,,,,,,,,,,,,,,,1158174251,458563506,394482952,255968596,2168,3546,192.92,76.39,65.71,42.64,6,0,0,,,,,,,,,,,,,,,,600323657,,,,
161,PRK,Asia,North Korea,21/04/2024,,0,0,,0,0,,0,0,,0,0,,,,,,,,,,,,,,,,,,,,,,,,,,,,,,,,,211.701,35.3,9.491,6.139,,,321.681,4,,,,13.2,72.27,,26069416,,,,
162,MKD,Europe,North Macedonia,21/04/2024,350583,3,0.429,9977,0,0,167454.144,1.433,0.205,4765.462,0,0,,,,,,,,,,,,,,,,,,,,,,,,,,,,,,,,,82.6,39.1,13.26,8.16,13111.214,5,322.688,10.08,,,,4.28,75.8,0.774,2093606,,,,
163,MNP,Oceania,Northern Mariana Islands,21/04/2024,16448,0,0,41,0,0,331786.824,0,0,827.046,0,0,,,,,,,,,,,,,,,,,,,,,,,,,,,,,,,,,119.878,,,,,,194.994,,,,,,76.74,,49574,,,,
164,NOR,Europe,Norway,21/04/2024,1507388,54,7.714,5732,0,0,277382.799,9.937,1.42,1054.777,0,0,,,,,,,,,,,,,,,,,,,,,,,,,,,,,,,,,14.462,39.7,16.821,10.813,64800.057,0.2,114.316,5.31,19.6,20.7,,3.6,82.4,0.957,5434324,,,,
165,OWID_OCE,,Oceania,03/05/2024,14918328,4442,634.571,32507,17,2.429,331232.362,98.626,14.089,721.755,0.377,0.054,,,,,,,,,,,,,,,,,,,87725046,28960501,28072902,25113875,3259,3116,194.78,64.3,62.33,55.76,69,0,0,,,,,,,,,,,,,,,,45038860,,,,
166,OMN,Asia,Oman,21/04/2024,399449,0,0,4628,0,0,87286.454,0,0,1011.297,0,0,,,,,,,,,,,,,,,,,,,,,,,,,,,,,,,,,14.98,30.7,2.355,1.53,37960.709,,266.342,12.61,0.5,15.6,97.4,1.6,77.86,0.813,4576300,,,,
167,PAK,Asia,Pakistan,21/04/2024,1580631,0,0,30656,0,0,6702.563,0,0,129.995,0,0,,,,,,,,,,,,,,,,,,,,,,,,,,,,,,,,,255.573,23.5,4.495,2.78,5034.708,4,423.031,8.35,2.8,36.7,59.607,0.6,67.27,0.557,235824864,,,,
168,PLW,Oceania,Palau,21/04/2024,6332,42,6,10,0,0,350143.774,2322.495,331.785,552.975,0,0,,,,,,,,,,,,,,,,,,,,,,,,,,,,,,,,,47.237,,,,13240.405,,,15.89,7.7,22.7,,4.8,73.7,0.826,18084,,,,
169,PSE,Asia,Palestine,21/04/2024,703228,0,0,5708,0,0,133946.251,0,0,1087.222,0,0,,,,,,,,,,,,,,,,,,,,,,,,,,,,,,,,,778.202,20.4,3.043,1.726,4449.898,1,265.91,10.59,,,,,74.05,0.708,5250076,,,,
170,PAN,North America,Panama,21/04/2024,1044315,0,0,8704,1,0.143,236882.29,0,0,1974.331,0.227,0.032,,,,,,,,,,,,,,,,,,,,,,,,,,,,,,,,,55.133,29.7,7.918,5.03,22267.037,2.2,128.346,8.33,2.4,9.9,,2.3,78.51,0.815,4408582,,,,
171,PNG,Oceania,Papua New Guinea,21/04/2024,46864,0,0,670,0,0,4620.5,0,0,66.058,0,0,,,,,,,,,,,,,,,,,,,,,,,,,,,,,,,,,18.22,22.6,3.808,2.142,3823.194,,561.494,17.65,23.5,48.8,,,64.5,0.555,10142625,,,,
172,PRY,South America,Paraguay,21/04/2024,735759,0,0,19880,0,0,108507.104,0,0,2931.831,0,0,,,,,,,,,,,,,,,,,,,,,,,,,,,,,,,,,17.144,26.5,6.378,3.833,8827.01,1.7,199.128,8.27,5,21.6,79.602,1.3,74.25,0.728,6780745,,,,
173,PER,South America,Peru,21/04/2024,4524748,0,0,220831,0,0,132887.012,0,0,6485.57,0,0,,,,,,,,,,,,,,,,,,,,,,,,,,,,,,,,,25.129,29.1,7.151,4.455,12236.706,3.5,85.755,5.95,4.8,,,1.6,76.74,0.777,34049588,,,,
174,PHL,Asia,Philippines,21/04/2024,4140383,0,0,66864,0,0,35829.167,0,0,578.613,0,0,,,,,,,,,,,,,,,,,,,,,,,,,,,,,,,,,351.873,25.2,4.803,2.661,7599.188,,370.437,7.07,7.8,40.8,78.463,1,71.23,0.718,115559008,,,,
175,PCN,Oceania,Pitcairn,21/04/2024,4,0,0,,0,0,85106.383,0,0,,0,0,,,,,,,,,,,,,,,,,,,,,,,,,,,,,,,,,,,,,,,,,,,,,,,47,,,,
176,POL,Europe,Poland,21/04/2024,6662411,85,12.143,120709,0,0,167157.26,2.133,0.305,3028.541,0,0,,,,,,,,,,,,,,,,,,,,,,,,,,,,,,,,,124.027,41.8,16.763,10.202,27216.445,,227.331,5.91,23.3,33.1,,6.62,78.73,0.88,39857144,,,,
177,PRT,Europe,Portugal,21/04/2024,5643357,88,12.571,28143,4,0.571,549453.371,8.568,1.224,2740.083,0.389,0.056,,,,,,,,,,,,,,,,,,,,,,,,,,,,,,,,,112.371,46.2,21.502,14.924,27936.896,0.5,127.842,9.85,16.3,30,,3.39,82.05,0.864,10270857,,,,
178,PRI,North America,Puerto Rico,21/04/2024,1252713,0,0,5938,0,0,385164.303,0,0,1825.722,0,0,,,,,,,,,,,,,,,,,,,,,,,,,,,,,,,,,376.232,38.2,15.168,9.829,35044.67,,108.094,12.9,,,,,80.1,,3252412,,,,
179,QAT,Asia,Qatar,21/04/2024,514524,0,0,690,0,0,190908.716,0,0,256.017,0,0,,,,,,,,,,,,,,,,,,,,,,,,,,,,,,,,,227.322,31.9,1.307,0.617,116935.6,,176.69,16.52,0.8,26.9,,1.2,80.23,0.848,2695131,,,,
180,REU,Africa,Reunion,21/04/2024,494595,0,0,921,0,0,507765.419,0,0,945.525,0,0,,,,,,,,,,,,,,,,,,,,,,,,,,,,,,,,,,36,,6.841,,,,,,,,,80.48,,974062,,,,
181,ROU,Europe,Romania,21/04/2024,3526916,141,20.143,68715,0,0,179402.185,7.172,1.025,3495.298,0,0,,,,,,,,,,,,,,,,,,,,,,,,,,,,,,,,,85.129,43,17.85,11.69,23313.199,5.7,370.946,9.74,22.9,37.1,,6.892,76.05,0.828,19659270,,,,
182,RUS,Europe,Russia,21/04/2024,24132649,16280,2325.714,402705,55,7.857,166761.777,112.498,16.071,2782.778,0.38,0.054,,,,,,,,,,,,,,,,,,,,,,,,,,,,,,,,,8.823,39.6,14.178,9.393,24765.954,0.1,431.297,6.18,23.4,58.3,,8.05,72.58,0.824,144713312,,,,
183,RWA,Africa,Rwanda,21/04/2024,133232,7,1,1468,0,0,9670.82,0.508,0.073,106.557,0,0,,,,,,,,,,,,,,,,,,,,,,,,,,,,,,,,,494.869,20.3,2.974,1.642,1854.211,56,191.375,4.28,4.7,21,4.617,,69.02,0.543,13776702,,,,
184,BLM,North America,Saint Barthelemy,21/04/2024,5507,0,0,5,0,0,500909.587,0,0,454.794,0,0,,,,,,,,,,,,,,,,,,,,,,,,,,,,,,,,,,,,,,,,,,,,,,,10994,,,,
185,SHN,Africa,Saint Helena,21/04/2024,2166,0,0,,0,0,401036.845,0,0,,0,0,,,,,,,,,,,,,,,,,,,,,,,,,,,,,,,,,,,,,,,,,,,,,80.56,,5401,,,,
186,KNA,North America,Saint Kitts and Nevis,21/04/2024,6607,0,0,46,0,0,138566.725,0,0,964.745,0,0,,,,,,,,,,,,,,,,,,,,,,,,,,,,,,,,,212.865,,,,24654.385,,,12.84,,,,2.3,76.23,0.779,47681,,,,
187,LCA,North America,Saint Lucia,21/04/2024,30252,0,0,410,0,0,168186.266,0,0,2279.399,0,0,,,,,,,,,,,,,,,,,,,,,,,,,,,,,,,,,293.187,34.9,9.721,6.405,12951.839,,204.62,11.62,,,87.202,1.3,76.2,0.759,179872,,,,
188,MAF,North America,Saint Martin (French part),21/04/2024,12324,0,0,46,0,0,387352.276,0,0,1445.813,0,0,,,,,,,,,,,,,,,,,,,,,,,,,,,,,,,,,590.533,,,,,,,,,,,,82.08,,31816,,,,
189,SPM,North America,Saint Pierre and Miquelon,21/04/2024,3426,0,0,2,0,0,582158.029,0,0,339.847,0,0,,,,,,,,,,,,,,,,,,,,,,,,,,,,,,,,,,,,,,,,,,,,,81.07,,5885,,,,
190,VCT,North America,Saint Vincent and the Grenadines,21/04/2024,9674,0,0,124,0,0,93055.916,0,0,1192.778,0,0,,,,,,,,,,,,,,,,,,,,,,,,,,,,,,,,,281.787,31.8,7.724,4.832,10727.146,,252.675,11.62,,,,2.6,72.53,0.738,103959,,,,
191,WSM,Oceania,Samoa,21/04/2024,17057,0,0,31,0,0,76698.593,0,0,139.395,0,0,,,,,,,,,,,,,,,,,,,,,,,,,,,,,,,,,69.413,22,5.606,3.564,6021.557,,348.977,9.21,16.7,38.1,,,73.32,0.715,222390,,,,
192,SMR,Europe,San Marino,21/04/2024,25292,0,0,126,0,0,750727.219,0,0,3739.982,0,0,,,,,,,,,,,,,,,,,,,,,,,,,,,,,,,,,556.667,,,,56861.47,,,5.64,,,,3.8,84.97,,33690,,,,
193,STP,Africa,Sao Tome and Principe,21/04/2024,6767,1,0.143,80,0,0,29759.052,4.398,0.628,351.814,0,0,,,,,,,,,,,,,,,,,,,,,,,,,,,,,,,,,212.841,18.7,2.886,2.162,3052.714,32.3,270.113,2.42,,,41.34,2.9,70.39,0.625,227393,,,,
194,SAU,Asia,Saudi Arabia,21/04/2024,841469,0,0,9646,0,0,23111.678,0,0,264.936,0,0,,,,,,,,,,,,,,,,,,,,,,,,,,,,,,,,,15.322,31.9,3.295,1.845,49045.411,,259.538,17.72,1.8,25.4,,2.7,75.13,0.854,36408824,,,,
195,SEN,Africa,Senegal,21/04/2024,89076,0,0,1971,0,0,5144.01,0,0,113.822,0,0,,,,,,,,,,,,,,,,,,,,,,,,,,,,,,,,,82.328,18.7,3.008,1.796,2470.58,38,241.219,2.42,0.4,16.6,20.859,,67.94,0.512,17316452,,,,
196,SRB,Europe,Serbia,21/04/2024,2583470,0,0,18057,0,0,375966.285,0,0,2627.793,0,0,,,,,,,,,,,,,,,,,,,,,,,,,,,,,,,,,80.291,41.2,17.366,,14048.881,,439.415,10.08,37.7,40.2,97.719,5.609,76,0.806,6871547,,,,
197,SYC,Africa,Seychelles,21/04/2024,51686,2,0.286,172,0,0,482438.045,18.668,2.667,1605.451,0,0,,,,,,,,,,,,,,,,,,,,,,,,,,,,,,,,,208.354,36.2,8.606,5.586,26382.287,1.1,242.648,10.55,7.1,35.7,,3.6,73.4,0.796,107135,,,,
198,SLE,Africa,Sierra Leone,21/04/2024,7795,1,0.143,125,0,0,905.793,0.116,0.017,14.525,0,0,,,,,,,,,,,,,,,,,,,,,,,,,,,,,,,,,104.7,19.1,2.538,1.285,1390.3,52.2,325.721,2.42,8.8,41.3,19.275,,54.7,0.452,8605723,,,,
199,SGP,Asia,Singapore,21/04/2024,3006155,0,0,2024,0,0,533287.789,0,0,359.055,0,0,,,,,,,,,,,,,,,,,,,,,,,,,,,,,,,,,7915.731,42.4,12.922,7.049,85535.383,,92.243,10.99,5.2,28.3,,2.4,83.62,0.938,5637022,,,,
200,SXM,North America,Sint Maarten (Dutch part),21/04/2024,11051,0,0,92,0,0,250067.886,0,0,2081.825,0,0,,,,,,,,,,,,,,,,,,,,,,,,,,,,,,,,,1209.088,,,,36327.232,,,,,,,,78.95,,44192,,,,
201,SVK,Europe,Slovakia,21/04/2024,1877723,3,0.429,21226,0,0,332725.786,0.532,0.076,3761.171,0,0,,,,,,,,,,,,,,,,,,,,,,,,,,,,,,,,,113.128,41.2,15.07,9.167,30155.152,0.7,287.959,7.29,23.1,37.7,,5.82,77.54,0.86,5643455,,,,
202,SVN,Europe,Slovenia,21/04/2024,1355872,5,0.714,10055,1,0.143,639609.631,2.359,0.337,4743.276,0.472,0.067,,,,,,,,,,,,,,,,,,,,,,,,,,,,,,,,,102.619,44.5,19.062,12.93,31400.84,,153.493,7.25,20.1,25,,4.5,81.32,0.917,2119843,,,,
203,SLB,Oceania,Solomon Islands,21/04/2024,25954,0,0,199,0,0,35834.604,0,0,274.759,0,0,,,,,,,,,,,,,,,,,,,,,,,,,,,,,,,,,21.841,20.8,3.507,2.043,2205.923,25.1,459.78,18.68,,,35.89,1.4,73,0.567,724272,,,,
204,SOM,Africa,Somalia,21/04/2024,27334,0,0,1361,0,0,1553.288,0,0,77.34,0,0,,,,,,,,,,,,,,,,,,,,,,,,,,,,,,,,,23.5,16.8,2.731,1.496,,,365.769,6.05,,,9.831,0.9,57.4,,17597508,,,,
205,ZAF,Africa,South Africa,21/04/2024,4072673,12,1.714,102595,0,0,67998.145,0.2,0.029,1712.946,0,0,,,,,,,,,,,,,,,,,,,,,,,,,,,,,,,,,46.754,27.3,5.344,3.053,12294.876,18.9,200.38,5.52,8.1,33.2,43.993,2.32,64.13,0.709,59893884,,,,
206,OWID_SAM,,South America,21/04/2024,68831603,768,109.714,1354111,28,4,157575.492,1.758,0.251,3099.953,0.064,0.009,,,,,,,,,,,,,,,,,,,,,,,,,,,,,,,,,,,,,,,,,,,,,,,436816679,,,,
207,KOR,Asia,South Korea,21/04/2024,34571873,0,0,35934,0,0,667207.062,0,0,693.495,0,0,,,,,,,,,,,,,,,,,,,,,,,,,,,,,,,,,527.967,43.4,13.914,8.622,35938.374,0.2,85.998,6.8,6.2,40.9,,12.27,83.03,0.916,51815808,,,,
208,SSD,Africa,South Sudan,21/04/2024,18823,0,0,147,0,0,1724.796,0,0,13.47,0,0,,,,,,,,,,,,,,,,,,,,,,,,,,,,,,,,,,19.2,3.441,2.032,1569.888,,280.775,10.43,,,,,57.85,0.433,10913172,,,,
209,ESP,Europe,Spain,21/04/2024,13980340,,,121852,,,293960.095,,,2562.143,,,,,,,,,,,,,,,,,,,,,,,,,,,,,,,,,,,93.105,45.5,19.436,13.799,34272.36,1,99.403,7.17,27.4,31.4,,2.97,83.56,0.904,47558632,,,,
210,LKA,Asia,Sri Lanka,21/04/2024,672754,0,0,16899,0,0,30814.83,0,0,774.042,0,0,,,,,,,,,,,,,,,,,,,,,,,,,,,,,,,,,341.955,34.1,10.069,5.331,11669.077,0.7,197.093,10.68,0.3,27,,3.6,76.98,0.782,21832150,,,,
211,SDN,Africa,Sudan,21/04/2024,63993,0,0,5046,0,0,1365.207,0,0,107.65,0,0,,,,,,,,,,,,,,,,,,,,,,,,,,,,,,,,,23.258,19.7,3.548,2.034,4466.507,,431.388,15.67,,,23.437,0.8,65.31,0.51,46874200,,,,
212,SUR,South America,Suriname,21/04/2024,82496,0,0,1405,0,0,133478.738,0,0,2273.294,0,0,,,,,,,,,,,,,,,,,,,,,,,,,,,,,,,,,3.612,29.6,6.933,4.229,13767.119,,258.314,12.54,7.4,42.9,67.779,3.1,71.68,0.738,618046,,,,
213,SWE,Europe,Sweden,21/04/2024,2751651,79,11.286,27272,3,0.429,260836.095,7.489,1.07,2585.183,0.284,0.041,,,,,,,,,,,,,,,,,,,,,,,,,,,,,,,,,24.718,41,19.985,13.433,46949.283,0.5,133.982,4.79,18.8,18.9,,2.22,82.8,0.945,10549349,,,,
214,CHE,Europe,Switzerland,21/04/2024,4453465,80,11.429,14188,0,0,509522.313,9.153,1.308,1623.253,0,0,,,,,,,,,,,,,,,,,,,,,,,,,,,,,,,,,214.243,43.1,18.436,12.644,57410.166,,99.739,5.59,22.6,28.9,,4.53,83.78,0.955,8740471,,,,
215,SYR,Asia,Syria,21/04/2024,57423,0,0,3163,0,0,2595.361,0,0,142.959,0,0,,,,,,,,,,,,,,,,,,,,,,,,,,,,,,,,,,21.7,,2.577,,,376.264,,,,70.598,1.5,72.7,0.567,22125242,,,,
216,TJK,Asia,Tajikistan,21/04/2024,17786,0,0,125,0,0,1787.037,0,0,12.559,0,0,,,,,,,,,,,,,,,,,,,,,,,,,,,,,,,,,64.281,23.3,3.466,2.155,2896.913,4.8,427.698,7.11,,,72.704,4.8,71.1,0.668,9952789,,,,
217,TZA,Africa,Tanzania,21/04/2024,43225,0,0,846,0,0,659.946,0,0,12.916,0,0,,,,,,,,,,,,,,,,,,,,,,,,,,,,,,,,,64.699,17.7,3.108,1.874,2683.304,49.1,217.288,5.75,3.3,26.7,47.953,0.7,65.46,0.529,65497752,,,,
218,THA,Asia,Thailand,21/04/2024,4772632,1004,143.429,34593,3,0.429,66566.668,14.003,2,482.489,0.042,0.006,,,,,,,,,,,,,,,,,,,,,,,,,,,,,,,,,135.132,40.1,11.373,6.89,16277.671,0.1,109.861,7.04,1.9,38.8,90.67,2.1,77.15,0.777,71697024,,,,
219,TLS,Asia,Timor,21/04/2024,23460,0,0,138,0,0,17490.52,0,0,102.885,0,0,,,,,,,,,,,,,,,,,,,,,,,,,,,,,,,,,87.176,18,3.556,1.897,6570.102,30.3,335.346,6.86,6.3,78.1,28.178,5.9,69.5,0.606,1341298,,,,
220,TGO,Africa,Togo,21/04/2024,39530,1,0.143,290,0,0,4467.323,0.113,0.016,32.773,0,0,,,,,,,,,,,,,,,,,,,,,,,,,,,,,,,,,143.366,19.4,2.839,1.525,1429.813,49.2,280.033,6.15,0.9,14.2,10.475,0.7,61.04,0.515,8848700,,,,
221,TKL,Oceania,Tokelau,21/04/2024,80,0,0,,0,0,42260.961,0,0,,0,0,,,,,,,,,,,,,,,,,,,,,,,,,,,,,,,,,,,,,,,,,,,,,81.86,,1893,,,,
222,TON,Oceania,Tonga,21/04/2024,16958,0,0,12,0,0,158683.223,0,0,112.289,0,0,,,,,,,,,,,,,,,,,,,,,,,,,,,,,,,,,150.028,22.3,5.82,4.032,5425.621,,227.49,15.42,11.8,44.4,,2.6,70.91,0.725,106867,,,,
223,TTO,North America,Trinidad and Tobago,21/04/2024,191496,0,0,4390,0,0,125075.52,0,0,2867.326,0,0,,,,,,,,,,,,,,,,,,,,,,,,,,,,,,,,,266.886,36.2,10.014,5.819,28763.071,,228.467,10.97,,,89.443,3,73.51,0.796,1531043,,,,
224,TUN,Africa,Tunisia,21/04/2024,1153361,0,0,29423,0,0,93343.329,0,0,2381.25,0,0,,,,,,,,,,,,,,,,,,,,,,,,,,,,,,,,,74.228,32.7,8.001,5.075,10849.297,2,318.991,8.52,1.1,65.8,78.687,2.3,76.7,0.74,12356116,,,,
225,TUR,Asia,Turkey,21/04/2024,17004714,0,0,101419,0,0,199255.511,0,0,1188.394,0,0,,,,,,,,,,,,,,,,,,,,,,,,,,,,,,,,,104.914,31.6,8.153,5.061,25129.341,0.2,171.285,12.13,14.1,41.1,,2.81,77.69,0.82,85341248,,,,
226,TKM,Asia,Turkmenistan,21/04/2024,,0,0,,0,0,,0,0,,0,0,,,,,,,,,,,,,,,,,,,,,,,,,,,,,,,,,12.253,26.9,4.277,2.541,16389.023,,536.783,7.11,,,100,7.4,68.19,0.715,6430777,,,,
227,TCA,North America,Turks and Caicos Islands,21/04/2024,6754,0,0,40,0,0,147705.9,0,0,874.776,0,0,,,,,,,,,,,,,,,,,,,,,,,,,,,,,,,,,37.312,,,,,,,,,,,,80.22,,45726,,,,
228,TUV,Oceania,Tuvalu,21/04/2024,2943,0,0,1,0,0,259638.288,0,0,88.222,0,0,,,,,,,,,,,,,,,,,,,,,,,,,,,,,,,,,373.067,,,,3575.104,3.3,,27.25,,,,,67.57,,11335,,,,
229,UGA,Africa,Uganda,21/04/2024,172149,0,0,3632,0,0,3643.397,0,0,76.868,0,0,,,,,,,,,,,,,,,,,,,,,,,,,,,,,,,,,213.759,16.4,2.168,1.308,1697.707,41.6,213.333,2.5,3.4,16.7,21.222,0.5,63.37,0.544,47249588,,,,
230,UKR,Europe,Ukraine,21/04/2024,5533407,169,24.143,109920,0,0,139374.406,4.257,0.608,2768.644,0,0,,,,,,,,,,,,,,,,,,,,,,,,,,,,,,,,,77.39,41.4,16.462,11.133,7894.393,0.1,539.849,7.11,13.5,47.4,,8.8,72.06,0.779,39701744,,,,
231,ARE,Asia,United Arab Emirates,21/04/2024,1067030,0,0,2349,0,0,113019.214,0,0,248.805,0,0,,,,,,,,,,,,,,,,,,,,,,,,,,,,,,,,,112.442,34,1.144,0.526,67293.483,,317.84,17.26,1.2,37.4,,1.2,77.97,0.89,9441138,,,,
232,GBR,Europe,United Kingdom,21/04/2024,24920037,1410,201.429,232112,0,0,369136.865,20.886,2.984,3438.241,0,0,,,,,,,,,,,,,,,,,,,,,,,,,,,,,,,,,272.898,40.8,18.517,12.527,39753.244,0.2,122.137,4.28,20,24.7,,2.54,81.32,0.932,67508936,,,,
233,USA,North America,United States,25/04/2024,103436829,,,1186079,349,49.857,305763.91,,,3506.103,1.032,0.147,,566,1.673,4633,13.695,,,5396,15.951,,,,,,,,,,,,,,,,,,,,,,,,35.608,38.3,15.413,9.732,54225.446,1.2,151.089,10.79,19.1,24.6,,2.77,78.86,0.926,338289856,,,,
234,VIR,North America,United States Virgin Islands,21/04/2024,25389,0,0,132,0,0,255219.695,0,0,1326.913,0,0,,,,,,,,,,,,,,,,,,,,,,,,,,,,,,,,,306.48,42.2,18.601,10.799,,,273.67,12.26,,,,,80.58,,99479,,,,
235,OWID_UMC,,Upper middle income,07/05/2024,245698513,19263,2751.857,2667463,75,10.714,97270.85,7.626,1.089,1056.036,0.03,0.004,,,,,,,,,,,,,,,,,,,5449552586,2108967451,1990468704,1265827406,5,32,215.75,83.49,78.8,50.11,0,2,0,,,,,,,,,,,,,,,,2525921300,,,,
236,URY,South America,Uruguay,21/04/2024,1037893,0,0,7625,0,0,303229.582,0,0,2227.711,0,0,,,,,,,,,,,,,,,,,,,,,,,,,,,,,,,,,19.751,35.6,14.655,10.361,20551.409,0.1,160.708,6.93,14,19.9,,2.8,77.91,0.817,3422796,,,,
237,UZB,Asia,Uzbekistan,21/04/2024,175081,0,0,1016,0,0,5056.104,0,0,29.341,0,0,,,,,,,,,,,,,,,,,,,,,,,,,,,,,,,,,76.134,28.2,4.469,2.873,6253.104,,724.417,7.57,1.3,24.7,,4,71.72,0.72,34627648,,,,
238,VUT,Oceania,Vanuatu,21/04/2024,12019,0,0,14,0,0,36784.149,0,0,42.847,0,0,,,,,,,,,,,,,,,,,,,,,,,,,,,,,,,,,22.662,23.1,4.394,2.62,2921.909,13.2,546.3,12.02,2.8,34.5,25.209,,70.47,0.609,326744,,,,
239,VAT,Europe,Vatican,21/04/2024,26,0,0,,0,0,32178.218,0,0,,0,0,,,,,,,,,,,,,,,,,,,,,,,,,,,,,,,,,,,,,,,,,,,,,75.12,,808,,,,
240,VEN,South America,Venezuela,21/04/2024,552695,0,0,5856,0,0,19528.686,0,0,206.913,0,0,,,,,,,,,,,,,,,,,,,,,,,,,,,,,,,,,36.253,29,6.614,3.915,16745.022,,204.85,6.47,,,,0.8,72.06,0.711,28301700,,,,
241,VNM,Asia,Vietnam,21/04/2024,11624000,0,0,43206,0,0,118386.518,0,0,440.039,0,0,,,,,,,,,,,,,,,,,,,,,,,,,,,,,,,,,308.127,32.6,7.15,4.718,6171.884,2,245.465,6,1,45.9,85.847,2.6,75.4,0.704,98186856,,,,
242,WLF,Oceania,Wallis and Futuna,21/04/2024,3760,0,0,9,0,0,324249.741,0,0,776.13,0,0,,,,,,,,,,,,,,,,,,,,,,,,,,,,,,,,,,,,,,,,,,,,,79.94,,11596,,,,
243,OWID_WRL,,World,07/05/2024,775364247,29294,4184.857,7046320,498,71.143,97223.077,3.673,0.525,883.539,0.062,0.009,,,,,,,,,,,,,,,,,,,13570972934,5630429496,5176876327,2813694188,5458,6925,170.17,70.6,64.91,35.28,1,15,0,,58.045,30.9,8.696,5.355,15469.207,10,233.07,8.51,6.434,34.635,60.13,2.705,72.58,0.737,7975105024,,,,
244,YEM,Asia,Yemen,21/04/2024,11945,0,0,2159,0,0,354.487,0,0,64.072,0,0,,,,,,,,,,,,,,,,,,,,,,,,,,,,,,,,,53.508,20.3,2.922,1.583,1479.147,18.8,495.003,5.35,7.6,29.2,49.542,0.7,66.12,0.47,33696612,,,,
245,ZMB,Africa,Zambia,21/04/2024,349625,9,1.286,4069,0,0,17465.819,0.45,0.064,203.27,0,0,,,,,,,,,,,,,,,,,,,,,,,,,,,,,,,,,22.995,17.7,2.48,1.542,3689.251,57.5,234.499,3.94,3.1,24.7,13.938,2,63.89,0.584,20017670,,,,
246,ZWE,Africa,Zimbabwe,21/04/2024,266359,0,0,5740,0,0,16320.478,0,0,351.704,0,0,,,,,,,,,,,,,,,,,,,,,,,,,,,,,,,,,42.729,19.6,2.822,1.882,1899.775,21.4,307.846,1.82,1.6,30.7,36.791,1.7,61.49,0.571,16320539,,,,